iso3,country,region,n_ops,operators,avg_10gb,per_gb,pct_income,unlim_yes,unlim_throttled,unlim_no,avg_unlimited_price,fiveg_share,fup_summary,gni,gni_note,gdp,bigmac,price_bigmacs,pop
NRU,Nauru,Oceania,1,Digicel,79.75,7.975,4.36,0,0,100,,0,no unlimited offered,21940.0,wb,14048.0,,,0.013
MHL,Marshall Islands,Oceania,1,NTA (National Telecommunications Authority),70.0,7.0,9.87,100,0,0,70.0,0,No fair-use speed cap published - 30-day unlimited pack,8510.0,wb,7590.0,,,0.042
SLE,Sierra Leone,Africa,3,Orange Sierra Leone | Africell Sierra Leone | Qcell Sierra Leone,40.15,4.015,58.76,0,33,0,140.51,0,? ;; throttled after 30GB,820.0,wb,807.0,,,8.6
TUV,Tuvalu,Oceania,1,Tuvalu Telecom (TTC),35.6,3.56,5.36,0,0,100,,0,no unlimited offered,7970.0,wb,5884.0,,,0.011
LSO,Lesotho,Africa,2,Vodacom Lesotho | Econet Telecom Lesotho,35.0,3.5,33.87,0,100,0,42.5,100,FUP applies - threshold not published,1240.0,wb,1023.0,,,2.4
ARE,United Arab Emirates,Asia,3,e& (Etisalat) | du | Virgin Mobile UAE,31.13,3.113,0.72,0,0,100,,100,none (capped plans only; 0 unlimited UAE plans tracked) ;; none (capped prepaid tiers only),51550.0,wb,50274.0,5.17,6.021,11.0
KWT,Kuwait,Asia,3,Zain | Ooredoo | STC Kuwait,30.6,3.06,0.89,67,33,0,68.85,100,fair-use threshold not published - reduced speeds under heavy household use ;; none published for mobile (10 TB soft cap applies to Baity home tiers) ;; not published (postpaid unlimited sits at top of KD 15-50 range),41110.0,wb,32856.0,4.52,6.771,4.9
TCD,Chad,Africa,4,Tigo Chad (Millicom) | Moov Africa Chad | Salam Mobile | Airtel Chad,28.86,2.886,37.24,0,25,75,34.98,0,5GB then 128Kbps ;; none,930.0,wb,981.0,,,18.0
LIE,Liechtenstein,Europe,3,Telecom Liechtenstein AG (FL1) | Salt (Liechtenstein) AG | Swisscom (Liechtenstein),27.96,2.796,0.15,100,0,0,63.88,100,fair-use - domestic unlimited with EU cap ;; fair-use - mirrors Salt CH unlimited terms,220167.0,wb,220167.0,,,0.04
USA,United States,North America,4,T-Mobile | AT&T | Verizon | Mint Mobile,27.5,2.75,0.4,0,100,0,46.25,100,15GB high-speed then throttled to reduced (3G-class) speeds; Unlimited tier = 40GB then may be slowed during congestion ;; Entry-tier hotspot runs at 3G 600Kbps; top tier hotspot capped 250GB then 600Kbps; 100GB then may be slowed during congestion ;; Unlimited Welcome includes NO hotspot and is deprioritized during congestion; Unlimited Ultimate hotspot: unlimited but capped 200GB then slowed to 6Mbps ;; Value 2.0: 5GB high-speed then reduced speeds; hotspot 3GB then drops to 128Kbps (same 128Kbps cap applies to all 2.0 tiers after their allotment),82910.0,wb,86170.0,6.22,4.421,345.0
GNQ,Equatorial Guinea,Africa,1,GETESA,26.23,2.623,5.2,0,0,100,,0,none,6050.0,wb,7004.0,,,1.9
AUS,Australia,Oceania,3,Telstra | Optus | TPG (Vodafone),24.92,2.492,0.48,0,100,0,33.47,100,1.5Mbps after plan allowance on postpaid (no excess fees); prepaid gets neither unlimited nor speed-capped data ;; Endless data capped at 1.5Mbps after max-speed allowance ;; Postpaid Infinite capped 2/10/25Mbps by tier; prepaid infinite capped at 1.5Mbps for the rest of the 28 days,62680.0,wb,64610.0,5.95,4.188,27.0
CAN,Canada,North America,3,Rogers | Bell | Telus,24.33,2.433,0.54,0,100,0,58.0,100,No overage: after the plan's high-speed bucket (60-100GB) data continues at reduced speed up to 512Kbps ;; No overage; reduced speed after the high-speed bucket during network congestion (Fair Usage) - GB threshold not published here - VERIFY ;; Unlimited data with no overage; speed reduced during congestion after the included high-speed bucket (Fair Usage),54110.0,wb,55016.0,5.81,4.188,41.0
BHR,Bahrain,Asia,3,Batelco | STC Bahrain | Zain Bahrain,23.94,2.394,1.02,100,0,0,53.19,100,none published (FUP flagged on 5G Home Unlimited - not on mobile) ;; none published (SimSim 20 unlimited everything) ;; none published (postpaid Wiyana top tier unlimited 5G),28170.0,wb,29717.0,4.77,5.019,1.6
CHE,Switzerland,Europe,3,Swisscom | Sunrise | Salt,23.92,2.392,0.29,100,0,0,53.92,100,fair-use - domestic unlimited; EU/EEA allotment per Roam-Like-at-Home ;; fair-use - swiss unlimited domestic with an EU zone allotment ;; unlimited in CH at max 5G speed - Start Max includes only 4GB in the Salt EUROPE zone,99920.0,wb,107702.0,9.04,2.646,8.9
OMN,Oman,Asia,3,Ooredoo Oman | Omantel | Friendi (MVNO),22.76,2.276,1.4,67,0,33,51.89,67,none (no unlimited plan sold; 3GB-45GB caps only) ;; none published (Hala 18 unlimited data + calls; separate 3 OMR daily unlimited pack carries FUP) ;; none published (Hayyak 20 unlimited everything),19520.0,wb,20285.0,3.97,5.733,5.3
QAT,Qatar,Asia,2,Ooredoo | Vodafone Qatar,22.66,2.266,0.36,50,50,0,54.95,100,FUP on unlimited offers (3 QAR daily unlimited pack capped; Shahry+ threshold not published) ;; none published (no threshold disclosed on Flex 200),76570.0,wb,75685.0,4.94,4.588,3.1
GRC,Greece,Europe,3,COSMOTE (OTE) | Vodafone Greece | Nova,22.58,2.258,1.19,33,67,0,45.93,100,60GB at full speed then throttled on Unlimited Max; 200GB fair-use cited on the Unlimited 5G tier ;; EU roaming fair-use of 93.5GB on GIGAMAX Unlimited - no published domestic cap ;; video streams optimised to 720p on unlimited plans - no volume cap published,22730.0,wb,24626.0,,,10.4
SAU,Saudi Arabia,Asia,4,STC | Mobily | Zain | Salam,21.76,2.176,0.73,100,0,0,88.2,100,none published (no FUP threshold disclosed) ;; truly unlimited (STC states quicknet prepaid has no FUP) ;; truly unlimited (operator/guide state no FUP throttling on unlimited),35990.0,wb,35528.0,5.06,4.3,34.0
PLW,Palau,Oceania,1,PNCC (PalauCel),21.2,2.12,1.5,0,0,100,,0,no unlimited offered (prepaid mobile data is 16c per MB),16920.0,wb,18169.0,,,0.018
KOR,South Korea,Asia,3,KT | SK Telecom | LG U+,20.77,2.077,0.68,67,33,0,47.58,100,300MB then 400kbps QoS; 1Mbps from ₩55000; 3Mbps ₩68000; 5Mbps ₩70000; true unlimited only from ₩85000 데이터플랜MAX ;; truly unlimited (베스트 unlimited tiers ₩89000-129000); lower tiers get free 400kbps 안심데이터 after quota ;; truly unlimited (베이직80 / 초이스 완전 무제한); lower tiers 14GB then 1Mbps or 10GB then 400kbps,36750.0,wb,36239.0,3.84,5.41,52.0
WSM,Samoa,Oceania,2,Digicel | Vodafone Samoa,20.27,2.026,4.83,0,0,100,,50,no unlimited offered,5040.0,wb,5393.0,,,0.22
TKM,Turkmenistan,Asia,1,TMCELL (Altyn Asyr),20.0,2.0,4.26,0,0,100,,0,no unlimited offer published - packages are volume-capped (20GB pack activated by USSD),5640.0,wb,5904.0,,,7.5
JPN,Japan,Asia,3,NTTドコモ | KDDI (au) | SoftBank,19.2,1.92,0.62,33,67,0,52.58,100,200GB then 5Mbps; tethering 80GB then 128kbps ;; 300GB in rolling 30 days then 4.5Mbps ;; truly unlimited (docomo MAX has no speed cap; 5G device required),37170.0,wb,33797.0,3.08,6.234,124.0
DEU,Germany,Europe,3,Deutsche Telekom | Vodafone | Telefonica Germany (o2),19.17,1.917,0.42,100,0,0,57.49,100,150GB per month at full speed then free 1GB top-up blocks re-booked in the app ;; fair-use clause - no published numeric cap; EU roaming allotment applies ;; none published domestically - fair-use personal-use clause only (resellers advertise keine Drosselung),55090.0,wb,56104.0,,,85.0
AND,Andorra,Europe,3,Andorra Telecom | Movistar España | Orange France,19.17,1.917,0.48,67,0,33,45.97,100,20/50GB lines continue at max 2 Mbps after the allowance; Ilimitada only a reasonable-use clause ;; none domestically - nearest-market row ;; prepaid M rate includes 12GB then the service is suspended until top-up,47740.0,wb,49357.0,,,0.081
SLB,Solomon Islands,Oceania,2,Our Telekom | bmobile-Vodafone Solomon,18.95,1.895,11.91,0,0,100,,0,no unlimited offered,1910.0,wb,1934.0,,,0.83
PAN,Panama,North America,4,Tigo | +Movil | Mas Movil | Movistar,18.75,1.875,1.25,25,25,50,57.5,50,No unlimited tier confirmed; declining #4 operator (ex-Telefónica) - VERIFY ;; No unlimited tier sold; largest prepaid bucket is 30GB for $25 (8GB/$15 and 15GB/$20 also offered) ;; Pospago unlimited 5G ($40) marketed without a data cap; 50GB/$25 tier otherwise; fair-use threshold not published - VERIFY ;; Prepaid 'unlimited' throttled after 30-50GB; pospago $75 tier marketed as unlimited 5G with no published cap,17950.0,wb,19161.0,,,4.5
LUX,Luxembourg,Europe,3,POST Luxembourg | Orange Luxembourg | Tango,18.4,1.84,0.26,100,0,0,51.75,100,unlimited LU+EU+US - fair-use clause applies (Orange LU) ;; unlimited in Luxembourg - 70GB in the EU on GO Mobile Unlimited ;; unlimited national data starts at the XL tier - EU roaming up to 110GB on MAXI,84650.0,wb,137782.0,,,0.67
TGO,Togo,Africa,3,Yas Togo (ex-Togocom) | Moov Africa Togo | Libercom,17.49,1.749,17.2,0,0,67,,0,? ;; none,1220.0,wb,1266.0,,,9.5
BEL,Belgium,Europe,3,Proximus | Telenet | BASE,17.25,1.725,0.37,67,0,33,51.75,100,fair-use - domestic unlimited with a capped EU roaming allotment ;; fair-use - no published domestic cap; EU roaming capped ;; largest published bucket is 300GB - no unlimited tariff offered,55290.0,wb,56582.0,,,12.0
MCO,Monaco,Europe,3,Monaco Telecom | Orange France | SFR,17.25,1.725,0.07,67,0,33,40.24,100,largest published plan is 100GB - no unlimited tariff found ;; none domestically - nearest-market row ;; none domestically - nearest-market row because Monaco has a single MNO,288002.0,wb,288002.0,,,0.039
NLD,Netherlands,Europe,3,KPN | Vodafone | Odido,16.87,1.687,0.32,100,0,0,30.28,100,10GB per day at full speed - free 2GB top-up bundles auto-added when the daily bucket is used ;; domestic unlimited - EU roaming capped at 40GB full speed on the Unlimited50 tier ;; unlimited is speed-tiered rather than volume-capped - no published domestic threshold,62500.0,wb,67465.0,,,18.0
PNG,Papua New Guinea,Oceania,3,Digicel | Telikom PNG (bmobile-Vodafone) | Vodafone PNG (Digitec Communications),16.85,1.685,7.07,0,0,100,,0,no unlimited offered,2860.0,wb,2912.0,,,10.6
BFA,Burkina Faso,Africa,3,Orange Burkina Faso | Moov Africa Burkina Faso | Telecel Burkina Faso,16.62,1.662,23.46,0,0,100,,0,none,850.0,wb,982.0,,,23.0
CYP,Cyprus,Asia,3,CYTA (EPITEL) | MTN Cyprus | Epic,16.24,1.624,0.59,0,33,67,40.6,0,'unlimited' postpaid offers apply fair use - speed reduced after a high-volume quota ;; no true unlimited prepaid - monthly packs are volume-capped,32870.0,wb,38674.0,,,1.4
FRA,France,Europe,3,Orange | SFR | Free Mobile,16.1,1.61,0.43,100,0,0,36.79,100,none - truly unlimited domestic with no published threshold ;; none domestically - fair-use clause only ;; none domestically - no published cap on forfait illimite; EU roaming 25GB,45160.0,wb,46103.0,,,66.0
ESP,Spain,Europe,3,Movistar | Orange España | Vodafone España,16.1,1.61,0.58,100,0,0,40.22,100,100GB at full 5G+ speed then 2 Mbps on Go Ilimitada ;; 20/50GB lines continue unlimited at max 2 Mbps after the allowance; Ilimitada only carries a reasonable-use clause ;; speed-capped unlimited tiers - base Ilimitada capped at 2 Mbit/s with no volume cap,33550.0,wb,35327.0,,,48.0
NZL,New Zealand,Oceania,3,Spark | One NZ | 2degrees,15.72,1.572,0.4,67,33,0,45.53,100,Max speed for 100GB per month then 1Mbps ;; Unlimited Max has no data cap; cheaper Endless plans drop to 1.2Mbps after max-speed data ;; truly unlimited (no published speed cap on Spark Endless),47070.0,wb,49432.0,5.14,3.058,5.3
BRN,Brunei,Asia,3,DST | Progresif | Imagine (TelBru),15.63,1.563,0.52,0,0,100,,100,no unlimited offer published - quota packs only,36020.0,wb,33153.0,,,0.46
GUY,Guyana,South America,2,Digicel | One Communications (ex-GTT),15.5,1.55,0.7,0,0,100,,0,sin oferta ilimitada publicada (knowledge; digicel.gy no resuelve) ;; sin oferta ilimitada publicada (knowledge; gtt.co.gy con certificado TLS invalido),26400.0,wb,29675.0,,,0.83
COG,Republic of the Congo,Africa,3,MTN Congo | Airtel Congo | Congo Telecom,15.3,1.53,8.09,0,0,67,,0,? ;; none,2270.0,wb,2482.0,,,6.3
SUR,Suriname,South America,2,Telesur | Digicel,15.27,1.527,3.22,0,0,100,,50,"sin oferta ilimitada publicada (knowledge) ;; sin oferta ilimitada publicada: mayor bolsa ""30dias(5G)"" SRD3.799 con300GB (y hasta1.200GB acumulables) y bolsa30dias SRD953 con75GB; el Happy Hour ilimitado de1 hora (SRD40) no es una oferta mensual",5690.0,wb,6962.0,,,0.63
FJI,Fiji,Oceania,2,Vodafone Fiji | Digicel Fiji,14.57,1.457,3.0,0,0,100,,0,no unlimited offered,5820.0,wb,6426.0,,,0.93
ITA,Italy,Europe,3,TIM | Vodafone Italia | WindTre,14.56,1.456,0.45,100,0,0,24.91,100,200GB at full speed then unlimited throttled to 10 Mbit/s (Go Unlimited terms) ;; good-faith use clause - no published numeric threshold ;; unlimited traffic subject to lawful and correct use - TIM may cap speed or reprice on breach,38640.0,wb,40430.0,,,59.0
VAT,Vatican City,Europe,3,TIM Italia | Vodafone Italia | WindTre,14.56,1.456,0.35,100,0,0,24.91,100,200GB at full speed then unlimited throttled to 10 Mbit/s ;; good-faith use clause - no published numeric threshold ;; unlimited traffic subject to lawful and correct use - no numeric cap published,50000.0,wb,,,,0.001
CMR,Cameroon,Africa,3,MTN Cameroon | Orange Cameroon | Nexttel (Viettel),13.99,1.399,9.93,0,0,33,,0,? ;; none,1690.0,wb,1830.0,,,29.0
MDG,Madagascar,Africa,2,Telma | Airtel Madagascar,13.9,1.39,32.08,0,0,100,,0,none,520.0,wb,550.0,,,32.0
ISL,Iceland,Europe,3,Síminn | Sýn (Vodafone Iceland) | Nova,13.8,1.38,0.2,100,0,0,43.77,100,truly unlimited - tethering allowed - roaming bundle for Nordics and EU ;; truly unlimited in Iceland - Nordic and EU roaming allowance included ;; truly unlimited with no data cap - partner-network roaming caps apply outside Iceland,80910.0,wb,85863.0,,,0.39
PRY,Paraguay,South America,3,Tigo | Claro | Personal,13.75,1.375,2.62,67,0,33,18.09,0,"""Packs Ilimitados"" prepago desde Gs10.000 con ""Noches Ilimitadas"" incluidas; umbral de FUP no publicado en personal.com.py ;; Paquetigos con gigas ILIMITADOS prepago (CONEXION ILIMITADA de1 a8 dias · Gs10.000-40.000) y combos con ""Gigas ilimitados en el movil"" desde Gs205.000 con wifi300M; en roaming: tras agotar el limite la navegacion continua a velocidad reducida hasta el siguiente ciclo de acreditacion ;; sin oferta ilimitada publicada en claro.com.py: mayor plan captado Plan100GIGAS = Gs100.000/mes (100GB)",6290.0,wb,6457.0,,,6.9
BLZ,Belize,North America,2,Digi | SMART,13.5,1.35,2.27,0,100,0,37.5,0,Bundle-based; unlimited thresholds not published - VERIFY ;; Data bundle then slowed or stops per plan; no published unlimited threshold - VERIFY,7150.0,wb,7681.0,,,0.42
CRI,Costa Rica,North America,2,Kolbi | Liberty,13.5,1.35,1.03,0,100,0,42.5,0,Fair use: reduced speed after included data; threshold not published - VERIFY,15710.0,wb,18853.0,7.0,1.929,5.2
BHS,Bahamas,North America,2,BTC | Aliv,13.5,1.35,0.44,0,100,0,47.5,0,Fair use: reduced speed after included data; threshold not published - VERIFY,37020.0,wb,39455.0,,,0.4
MDV,Maldives,Asia,2,Dhiraagu | Ooredoo Maldives,13.45,1.345,1.4,0,0,100,,50,no true unlimited prepaid - data packs expire with 30-day validity ;; no true unlimited prepaid - packs capped with 30-day validity and 8% GST applies,11540.0,wb,13379.0,,,0.53
BEN,Benin,Africa,2,MTN Benin | Moov Africa Benin,13.12,1.312,11.01,0,100,0,30.6,0,15GB then 512Kbps ;; 35GB then 512Kbps,1430.0,wb,1485.0,,,14.0
SMR,San Marino,Europe,3,TIM San Marino | TIM Italia | WindTre,13.01,1.301,0.29,67,0,33,20.11,100,200GB at full speed then unlimited throttled to 10 Mbit/s ;; largest published tier is +Mobile 200GB - no unlimited tariff found ;; unlimited traffic subject to lawful and correct use - no numeric cap published,53910.0,wb,59871.0,,,0.034
TZA,Tanzania,Africa,3,Vodacom Tanzania | Airtel Tanzania | Halotel,13.0,1.3,12.89,0,0,100,,67,none,1210.0,wb,1193.0,,,69.0
ZWE,Zimbabwe,Africa,3,Econet Wireless | NetOne | Telecel Zimbabwe,13.0,1.3,6.5,0,33,67,45.0,33,200GB FUP then throttled (SmartBiz $45; was1TB before Jul-2025) ;; none,2400.0,wb,2496.0,,,17.0
URY,Uruguay,South America,3,Antel | Tigo (ex-Movistar) | Claro,12.93,1.293,0.71,0,33,67,35.69,33,"planes ""sin limite"" de Antel con tope de alta velocidad publicado:130GB (UYU1.435/mes) o210GB (UYU2.290/mes); politica post-tope no especificada en tienda.antel ;; sin oferta ilimitada publicada: mayor plan200GB = UYU1.500/mes (tienda.claro.com.uy) ;; sin oferta ilimitada publicada: packs prepago hasta150GB (10 dias · UYU340) y paquete30dias =60GB por UYU500",22000.0,wb,24308.0,8.94,1.447,3.4
GMB,Gambia,Africa,3,Africell Gambia | QCell Gambia | Gamcel (Gamtel),12.77,1.277,17.41,0,0,33,,0,? ;; none,880.0,wb,871.0,,,2.8
TON,Tonga,Oceania,1,Digicel Tonga,12.6,1.26,2.41,100,0,0,83.98,100,No fair-use speed cap published - 30-day Unlimited Any Use Data product,6270.0,wb,6215.0,,,0.11
IRL,Ireland,Europe,3,eir | Vodafone Ireland | Three Ireland,12.5,1.25,0.19,100,0,0,29.1,100,truly unlimited - EU roaming fair-use 25 GB per 30 days ;; truly unlimited with tethering allowed - EU roaming fair-use 25 GB,80650.0,wb,112895.0,,,5.3
TTO,Trinidad and Tobago,North America,2,TSTT | Digicel,12.5,1.25,0.78,0,100,0,40.0,0,Fair use: reduced speed after included data; threshold not published - VERIFY,19290.0,wb,18733.0,,,1.4
SGP,Singapore,Asia,3,Singtel | StarHub | M1,11.51,1.151,0.18,33,67,0,36.9,100,1.2TB FUP (S$35 plan) / 1.5TB (S$40 plan) then reduced ;; fair-use policy applies to M1 unlimited (no published GB threshold) ;; truly unlimited on 5G Unlimited+ Core SIM-only - no published data cap (prepaid 5G Plus carries FUP),75820.0,wb,94897.0,5.77,1.995,6.0
CPV,Cabo Verde,Africa,2,CVMovel | Unitel T+,11.47,1.147,2.79,0,0,50,,0,? ;; none,4940.0,wb,5170.0,,,0.53
NOR,Norway,Europe,3,Telenor | Telia Norge | Ice,11.47,1.147,0.14,100,0,0,31.67,100,truly unlimited - tethering allowed - Nordic roaming included ;; truly unlimited on its own network - EU roaming as non-EU fair-use ;; truly unlimited with no data cap - non-EU roaming follows Nordic agreements,100030.0,wb,89889.0,8.05,1.424,5.6
SWE,Sweden,Europe,3,Telia | Tele2 | Telenor,11.33,1.133,0.23,100,0,0,27.27,100,truly unlimited - Nordics roaming included - EU fair-use 25 GB ;; truly unlimited in the Nordics - EU roaming fair-use 25 GB per 30 days ;; truly unlimited with tethering allowed - EU roaming fair-use 25 GB,58510.0,wb,57223.0,7.16,1.583,10.6
UGA,Uganda,Africa,3,MTN Uganda | Airtel Uganda | Uganda Telecom (UTL),11.27,1.127,13.39,0,33,67,48.4,33,700GB FUP (listing shows700000MB) ;; none,1010.0,wb,1078.0,,,50.0
ISR,Israel,Asia,3,Partner Communications | Cellcom | Pelephone,11.14,1.114,0.25,100,0,0,16.47,100,truly unlimited - Israeli operators publish no monthly volume cap (some plans cap hotspot or max speed instead) ;; truly unlimited - no published monthly volume cap ;; truly unlimited - no published monthly volume cap (fair use applies to tethering on some plans),53090.0,wb,54217.0,7.67,1.453,9.4
NAM,Namibia,Africa,2,MTC Namibia | TN Mobile (Telecom Namibia),11.1,1.11,3.1,50,0,50,,0,none ;; threshold not published,4290.0,wb,4502.0,,,3.0
AUT,Austria,Europe,3,A1 | Magenta | Drei (Hutchison Drei),11.07,1.107,0.24,100,0,0,39.02,100,unlimited in Austria - EU 67GB on Mobile Unlimited M; Magenta Fair Use Policy published 12.06.2017 ;; unlimited in Austria - EU roaming 60GB on A1 Mobil S; speed tiers 150/300/500 Mbit/s ;; unlimited with fair-use - speed and EU caps per Drei terms,54760.0,wb,58269.0,,,9.2
BRB,Barbados,North America,2,Flow | Digicel,11.0,1.1,0.52,0,100,0,37.5,0,Fair use: reduced speed after included data; threshold not published - VERIFY,25360.0,wb,26897.0,,,0.28
VCT,Saint Vincent and the Grenadines,North America,2,Flow | Digicel,11.0,1.1,1.18,0,100,0,37.5,0,Fair use: reduced speed after included data; threshold not published - VERIFY,11210.0,wb,11501.0,,,0.1
ATG,Antigua and Barbuda,North America,2,Flow | Digicel,11.0,1.1,0.62,0,100,0,38.0,0,Fair use: reduced speed after included data; threshold not published - VERIFY,21200.0,wb,23060.0,,,0.09
KNA,Saint Kitts and Nevis,North America,2,Flow | Digicel,11.0,1.1,0.6,0,100,0,36.5,0,Fair use: reduced speed after included data; threshold not published - VERIFY,21960.0,wb,23961.0,,,0.047
PRT,Portugal,Europe,3,MEO | NOS | Vodafone Portugal,10.89,1.089,0.49,100,0,0,30.28,100,fair-use and Acceptable Use Policy ;; fair-use and Acceptable Use Policy - no published domestic threshold ;; none domestically - unlimited has no traffic limit; Acceptable Use Policy caps roaming outside Portugal,26940.0,wb,29328.0,,,10.4
AGO,Angola,Africa,2,Unitel | Africell Angola,10.76,1.076,4.53,0,0,0,,0,?,2850.0,wb,2721.0,,,38.0
VEN,Venezuela,South America,3,Digitel | Movilnet | Movistar,10.74,1.074,3.36,0,0,100,,0,sin oferta ilimitada publicada y tarifas moviles no publicadas (Movilnet conservo precios en may-2026 segun primicia.com.ve) ;; sin oferta ilimitada publicada: mayor plan Inteligente Plus30GB = USD25 (ago-2026) ;; sin oferta ilimitada publicada: mayor plan Plus25GB = USD18.11 (sep-2026),3840.0,wb,4244.0,4.51,2.381,28.0
SVN,Slovenia,Europe,3,Telekom Slovenije | A1 Slovenija | Telemach Slovenia,10.73,1.073,0.41,67,33,0,27.98,100,after the data included in the VEC package speed is cut to max 64 kbit/s ;; fair-use - domestic unlimited with a capped EU allotment ;; fair-use clause,31790.0,wb,34301.0,,,2.1
MLT,Malta,Europe,3,GO | Epic (ex-Vodafone Malta) | Melita,10.54,1.054,0.35,100,0,0,28.36,100,Endless local data - fair-use and roaming caps apply ;; fair-use - local unlimited with EU/UK roaming caps ;; fair-use clause,36540.0,wb,44024.0,,,0.56
LCA,Saint Lucia,North America,2,Flow | Digicel,10.5,1.05,0.98,0,100,0,36.5,0,Fair use: reduced speed after included data; threshold not published - VERIFY,12840.0,wb,14494.0,,,0.18
GRD,Grenada,North America,2,Flow | Digicel,10.5,1.05,1.17,0,100,0,35.5,0,Fair use: reduced speed after included data; threshold not published - VERIFY,10790.0,wb,11529.0,,,0.12
DMA,Dominica,North America,2,Flow | Digicel,10.5,1.05,1.27,0,100,0,35.5,0,Fair use: reduced speed after included data; threshold not published - VERIFY,9930.0,wb,10405.0,,,0.073
GAB,Gabon,Africa,3,Airtel Gabon | Moov Africa Gabon | Libertis,10.49,1.049,1.6,0,0,67,,33,? ;; none,7870.0,wb,8230.0,,,2.5
GBR,United Kingdom,Europe,3,EE | Vodafone UK | Three UK,10.47,1.047,0.25,67,33,0,25.17,100,truly unlimited with full-speed 5G and tethering allowed ;; truly unlimited with no speed cap - EU roaming fair-use 25 GB per 30 days ;; unlimited but capped at 38 Mbps on the Lite tariff while Max tier reaches up to 1 Gbps,49320.0,wb,53341.0,7.4,1.414,69.0
HRV,Croatia,Europe,3,Hrvatski Telekom (HT) | A1 Hrvatska | Telemach Hrvatska,10.35,1.035,0.56,100,0,0,31.82,100,fair-use - domestic unlimited with a capped EU roaming allotment ;; fair-use clause ;; fair-use clause - no published domestic threshold,22230.0,wb,24050.0,,,3.9
MNE,Montenegro,Europe,3,Crnogorski Telekom | m:tel Montenegro | One Crna Gora (ex-Telenor),10.35,1.035,1.02,100,0,0,25.68,100,fair-use clause,12210.0,wb,13270.0,,,0.63
MEX,Mexico,North America,3,Telcel | AT&T Mexico | Movistar,10.33,1.033,0.97,0,100,0,19.0,67,Plan Pro Ilimitado keeps the connection after the high-speed volume; Politica de Uso Justo may temporarily reduce speed (published example: 10GB at max speed) ;; Politica de Uso Justo permits temporary speed reduction after the plan's data volume is reached; exact GB threshold not disclosed ;; Politica de Uso Justo: 200GB of navigation at maximum speed then reduced speeds with no per-kilobyte charges (Ultra Ilimitado tier),12760.0,wb,13988.0,6.27,1.648,131.0
MOZ,Mozambique,Africa,3,Vodacom Moçambique | Movitel | Tmcel,10.15,1.015,22.15,0,0,100,,0,none,550.0,wb,657.0,,,35.0
VUT,Vanuatu,Oceania,2,Digicel | Vodafone Vanuatu (TVL),10.14,1.014,2.95,0,0,100,,0,no unlimited offered,4130.0,wb,3960.0,,,0.34
DNK,Denmark,Europe,3,Telenor Denmark | Hi3G Denmark (3) | TDC NET (Nuuday/YouSee),10.1,1.01,0.17,100,0,0,25.27,100,truly unlimited - EU roaming fair-use 25 GB per 30 days ;; truly unlimited in Denmark - EU roaming fair-use 25 GB per 30 days ;; truly unlimited with tethering allowed - EU roaming fair-use 25 GB,72540.0,wb,71026.0,7.04,1.435,6.0
GTM,Guatemala,North America,2,Tigo | Claro,10.0,1.0,2.08,0,100,0,27.0,0,Fair use (politica de uso justo): reduced speed after included high-speed data; threshold not published - VERIFY ;; Fair use: speed reduced after the included high-speed bucket; GB threshold not published - VERIFY,5780.0,wb,6151.0,4.46,2.242,18.0
SLV,El Salvador,North America,2,Claro | Tigo,10.0,1.0,2.37,0,100,0,30.0,0,Fair use: reduced speed after included data; threshold not published - VERIFY ;; Politica de uso justo: reduced speed after included data; threshold not published - VERIFY,5070.0,wb,5503.0,,,6.3
CUB,Cuba,North America,1,ETECSA,10.0,1.0,1.25,0,0,100,,0,No unlimited plan exists; data sold only in timed packages (service stops when the package expires); no slow-after-cap unlimited offered,9605.0,wb,9605.0,,,11.0
JAM,Jamaica,North America,2,Digicel | Flow,10.0,1.0,1.67,0,100,0,33.5,0,Fair use: reduced speed after included data; threshold not published - VERIFY,7190.0,wb,7754.0,,,2.8
ECU,Ecuador,South America,3,Claro | Tigo (ex-Movistar) | CNT,9.86,0.986,1.85,0,0,100,,0,sin oferta ilimitada publicada (cnt.gob.ec inaccesible desde el crawler) ;; sin oferta ilimitada publicada en claro.com.ec (paginas de prepago y pospago sin precios en SSR) — knowledge ;; sin oferta ilimitada publicada: planes pospago captados Plus20GB USD16.09 inc.imp. y Pro22GB USD21.84 inc.imp. — todo en bolsa,6400.0,wb,6827.0,,,18.0
MYS,Malaysia,Asia,3,Maxis (Hotlink) | CelcomDigi | U-Mobile,9.68,0.968,1.0,0,100,0,13.73,100,150GB FUP then 512kbps until pass expires (RM35 = 18Mbps; RM45 Power45 = 48Mbps after 250GB) ;; legacy unlimited passes throttle to 512kbps after FUP; ULTRA 2026 prepaid is capped-quota at unlimited speed ;; unlimited passes run 3GB/day full speed then unlimited at 1Mbps (30-day RM118),11650.0,wb,11874.0,3.57,2.712,36.0
FIN,Finland,Europe,3,Elisa | DNA | Telia Finland,9.33,0.933,0.22,100,0,0,26.23,100,truly unlimited - tethering allowed - EU roaming fair-use 25 GB ;; truly unlimited on 5G - EU roaming fair-use 25 GB ;; truly unlimited with no cap - EU roaming fair-use 25 GB per 30 days,51710.0,wb,53156.0,,,5.6
HND,Honduras,North America,3,Tigo | Claro | Hondutel,9.33,0.933,3.71,0,100,0,26.67,0,Fair use reduction after bundle; threshold not published - VERIFY ;; Fair use: reduced speed after included high-speed bucket; threshold not published - VERIFY ;; Politica de uso justo: reduced speed after included data; threshold not published - VERIFY,3020.0,wb,3416.0,5.19,1.798,10.8
COD,DR Congo,Africa,3,Airtel DRC | Orange DRC | Vodacom DRC,9.31,0.931,16.44,33,0,67,,0,none ;; not published,680.0,wb,693.0,,,109.0
CHL,Chile,South America,3,Entel | Movistar | WOM,9.2,0.92,0.7,0,67,33,18.75,100,Plan Libre: datos libres con video limitado a SD480p o tasa maxima1 Mbps y musica en calidad estandar — solo en Chile (texto publicado en entel.cl/comparador-de-planes) ;; Plan Libre: tras consumir los GB en alta velocidad la velocidad de bajada baja hasta128Kb/s en lugares y horarios de alto trafico (tambien hasta512kbps en las bolsas prepago) — texto publicado en movistar.cl ;; sin oferta ilimitada captada: planes por bolsa (Plan W450GB CLP10.990 · Plan O800GB CLP13.990 · Plan M Gigas Libres CLP18.990); politica post-bolsa no publicada,15840.0,wb,16659.0,5.41,1.701,20.0
GIN,Guinea,Africa,2,Orange Guinea | MTN Guinea,9.1,0.91,7.58,0,0,50,,0,? ;; none,1440.0,wb,1695.0,,,15.0
CIV,Côte d'Ivoire,Africa,3,Orange Côte d'Ivoire | MTN Côte d'Ivoire | Moov Africa Côte d'Ivoire,8.74,0.874,4.16,0,0,100,,100,none,2520.0,wb,2728.0,,,32.0
NER,Niger,Africa,3,Moov Africa Niger | Orange Niger | Airtel Niger,8.74,0.874,15.65,0,0,33,,0,? ;; none,670.0,wb,730.0,,,27.0
MLI,Mali,Africa,2,Orange Mali | Malitel (Moov Africa Mali),8.74,0.874,10.18,0,0,50,,0,? ;; none,1030.0,wb,1093.0,,,24.0
HTI,Haiti,North America,3,Digicel | Natcom | Haitel,8.67,0.867,6.01,0,100,0,31.0,0,Fair use: reduced speed after included data; threshold not published - VERIFY,1730.0,wb,2060.0,,,12.0
ARG,Argentina,South America,3,Personal | Claro | Movistar,8.39,0.839,0.74,0,100,0,23.32,100,Claro AR: ilimitado con FUP (uso razonable); umbral no capturado — knowledge ;; Movistar AR: ilimitado con FUP (uso razonable); umbral no capturado — knowledge ;; Personal: ilimitado con FUP de uso razonable (umbral no capturado — knowledge); planes por bolsa en el sitio,13530.0,wb,13970.0,5.91,1.42,46.0
DOM,Dominican Republic,North America,3,Claro | Altice | Viva,8.33,0.833,0.97,0,100,0,25.67,0,Fair use: reduced speed after included data; threshold not published - VERIFY ;; Politica de uso justo: reduced speed after included high-speed data; threshold not published - VERIFY,10310.0,wb,10876.0,,,11.0
PER,Peru,South America,3,Movistar | Claro | Bitel,8.32,0.832,1.33,0,33,67,11.85,67,Plan Ilimitado S/39.90: datos 5G ilimitados con45GB en alta velocidad (110GB por portabilidad) y luego velocidad reducida; acumula hasta1.000GB — texto publicado en bitel.com.pe ;; sin oferta ilimitada publicada en claro.com.pe: planes por bolsa (HFC/FTTH) — knowledge ;; sin oferta ilimitada publicada: mayor plan captado Maximo125GB; planes por bolsa (knowledge),7530.0,wb,8526.0,4.99,1.667,34.0
ZAF,South Africa,Africa,3,Vodacom | MTN South Africa | Cell C,8.3,0.83,1.63,0,67,33,133.0,67,FUP applies - threshold not published ;; none ;; throttle to2-4Mbps after FUP threshold (varies by plan),6110.0,wb,6267.0,3.49,2.378,63.0
POL,Poland,Europe,3,Orange Polska | Play | T-Mobile Polska,7.8,0.78,0.43,67,33,0,17.77,100,truly unlimited in Poland - EU roaming fair-use 25 GB per 30 days then surcharge ;; truly unlimited with tethering allowed - EU roaming fair-use 25 GB per 30 days ;; unlimited but throttled to 3 Mbps after 200 GB of high-speed use per fair-use,21590.0,wb,25104.0,6.22,1.254,37.0
NIC,Nicaragua,North America,3,Claro | Tigo | Cootel,7.67,0.767,3.67,0,100,0,23.33,0,Bundle-based; threshold not published - VERIFY ;; Fair use: reduced speed after included data; threshold not published - VERIFY ;; Politica de uso justo: reduced speed after included data; threshold not published - VERIFY,2510.0,wb,2848.0,5.11,1.5,7.0
SVK,Slovakia,Europe,3,Orange Slovensko | Slovak Telekom | O2 Slovakia,7.63,0.763,0.39,100,0,0,21.1,67,truly unlimited - EU roaming fair-use 25 GB per 30 days ;; truly unlimited data but delivered on 4G only until O2 5G launch ;; truly unlimited with tethering allowed - EU roaming fair-use 25 GB,23560.0,wb,25993.0,,,5.4
SEN,Senegal,Africa,3,Orange Sénégal | Yas Sénégal | Expresso Sénégal,7.58,0.758,5.58,0,0,100,,33,none,1630.0,wb,1739.0,,,18.0
BIH,Bosnia and Herzegovina,Europe,3,BH Telecom | m:tel Bosnia and Herzegovina | HT ERONET,7.44,0.744,1.01,0,67,33,17.0,0,fair-use threshold not published ;; fair-use threshold not published - heavy users throttled ;; no domestic unlimited tariff - bundle ladder only (10GB/BAM 15/10d and 30GB/BAM 35/30d),8810.0,wb,9398.0,,,3.2
ALB,Albania,Europe,3,ONE Albania (ex-Telekom) | Vodafone Albania | ALBtelecom (Eagle),7.27,0.727,0.88,100,0,0,21.4,100,fair-use clause,9910.0,wb,11374.0,,,2.8
CZE,Czechia,Europe,3,O2 Czech Republic | T-Mobile Czech Republic | Vodafone Czech Republic,7.23,0.723,0.29,67,33,0,21.07,100,truly unlimited - tethering allowed - EU roaming fair-use 25 GB ;; truly unlimited in Czechia - EU roaming fair-use 25 GB per 30 days ;; unlimited but reduced to 256 kbps once the 200 GB fair-use allowance is used,29570.0,wb,31828.0,5.43,1.332,10.9
MNG,Mongolia,Asia,3,Mobicom | Unitel | Skytel,7.2,0.72,1.61,0,0,100,,100,no verified unlimited offer ;; no verified unlimited offer - large daily/monthly packs instead,5380.0,wb,6751.0,,,3.5
EST,Estonia,Europe,3,Telia Eesti | Elisa Eesti | Tele2 Estonia,7.0,0.7,0.29,100,0,0,18.9,100,truly unlimited - Baltic and EU roaming fair-use 25 GB per 30 days ;; truly unlimited in Estonia - EU roaming fair-use 25 GB ;; truly unlimited with tethering allowed - EU roaming fair-use 25 GB,28880.0,wb,31428.0,,,1.4
THA,Thailand,Asia,3,AIS | TrueMove H | dtac,6.95,0.695,1.17,67,33,0,19.68,100,truly unlimited - official 'Unlimited Data Max Speed' on 30/60-day packs ;; truly unlimited at max speed (ULM ฿399/30d); speed-capped variants e.g. 15Mbps with 50GB then 1Mbps ;; unlimited capped from the start - NET NO LIMIT = 2Mbps (base 1Mbps; 8Mbps/day add-on ฿32); 50GB at 6Mbps then 384kbps,7130.0,wb,7387.0,4.02,1.729,72.0
RWA,Rwanda,Africa,2,MTN Rwanda | Airtel Rwanda,6.9,0.69,7.74,0,0,100,,0,none,1070.0,wb,1060.0,,,14.0
AFG,Afghanistan,Asia,3,Afghan Wireless Communication Company (AWCC) | Roshan (Telecom Development Company) | Etisalat Afghanistan,6.82,0.682,20.98,0,0,100,,0,no unlimited offer published - bundles are volume-capped and expire after 7/30 days ;; no unlimited offer published - largest monthly bundle approx 10GB with expiry ;; no unlimited offer published - prepaid packs are volume-capped with 7/30-day validity,390.0,wb,417.0,,,43.0
TUR,Turkey,Asia,3,Turkcell | Vodafone Turkey | Turk Telekom,6.7,0.67,0.6,0,100,0,16.22,0,'sinirsiz' (unlimited) mobile packs carry no volume cap but are speed-shaped per plan (typically 25-100 Mbps ceiling) - heavy-use shaping applies ;; 'sinirsiz' packs are speed-shaped per plan - no published monthly volume cap but fair-use shaping on heavy traffic ;; 'sinirsiz' packs are speed-shaped per plan rather than volume-capped - 4.5G ceiling applies to heavy users,13430.0,wb,15893.0,6.91,0.969,87.0
BGR,Bulgaria,Europe,3,A1 Bulgaria | Vivacom | Yettel Bulgaria,6.7,0.67,0.52,100,0,0,14.4,67,truly unlimited - tethering permitted - EU roaming fair-use 25 GB ;; truly unlimited in Bulgaria - EU roaming fair-use 25 GB per 30 days ;; truly unlimited on 4G - no 5G speed uplift yet,15370.0,wb,17597.0,,,6.4
MKD,North Macedonia,Europe,3,Makedonski Telekom | ONE Macedonia | A1 Macedonia,6.55,0.655,0.95,100,0,0,20.57,100,fair-use clause,8300.0,wb,9292.0,,,1.8
EGY,Egypt,Africa,4,Vodafone Egypt | e& Egypt (Etisalat) | Orange Egypt | Telecom Egypt (WE),6.52,0.652,2.23,0,0,100,,0,none - all Egypt plans hard-cap and cut off ;; none - all Egypt plans hard-cap and cut off (no throttled unlimited),3510.0,wb,3338.0,2.87,2.272,116.0
AZE,Azerbaijan,Asia,3,Azercell Telecom | Bakcell | Nar Mobile,6.47,0.647,1.06,0,33,67,14.71,0,'Unlimited' category packs apply fair use - reduced speed after the quota (published alongside daily/weekly/high-volume packs) ;; no true unlimited published - monthly packs volume-capped (60GB month pack approx AZN 24.90) ;; no true unlimited published - monthly packs volume-capped (Serfeli tariffs approx AZN 11 per 28 days),7340.0,wb,7295.0,4.26,1.519,10.4
LVA,Latvia,Europe,3,LMT | Tele2 Latvia | Bite Latvija,6.43,0.643,0.36,100,0,0,16.87,100,truly unlimited - Baltic and EU roaming fair-use 25 GB per 30 days ;; truly unlimited in Latvia - Baltics bundle plus EU fair-use 25 GB ;; truly unlimited with tethering allowed - EU roaming fair-use 25 GB,21520.0,wb,23579.0,,,1.9
BOL,Bolivia,South America,3,Entel | Tigo | Nuevatel (Vivo),6.43,0.643,1.86,33,0,67,24.64,33,"""Megas Ilimitados"" incluidos en Plan Full Tigo (Bs249-439 convergente) y como add-on por Bs20 con internet fijo — textos publicados en tigo.com.bo; FUP del ilimitado movil no publicado ;; sin oferta ilimitada movil publicada — el producto ""Navegar sin Cortes"" de entel.bo corresponde a internet fijo ;; sin oferta ilimitada publicada (Nuevatel/Vivo enfocado en movil 4G)",4160.0,wb,4421.0,,,12.0
COL,Colombia,South America,3,Claro | Movistar | Tigo,6.41,0.641,1.08,100,0,0,28.33,100,Datos ilimitados dentro del Plan Full Tigo convergente (internet 500M + TV) desde COP119.900; FUP domestico del ilimitado movil standalone no publicado ;; Movistar CO: plan pospago ilimitado citado en movistar.com.co; precio y umbral FUP no capturados (404 en /planes-pospago) ;; Plan LIBRE COP99.900/mes: datos ilimitados con compartir hasta70GB a otras lineas (tethering) — texto publicado en claro.com.co; los factores de limitacion solo estan en su pagina JS,7090.0,wb,7951.0,8.0,0.801,53.0
SRB,Serbia,Europe,3,Telekom Srbija (mts) | A1 Srbija | Yettel Serbia,6.39,0.639,0.66,100,0,0,21.95,100,fair-use - domestic unlimited with a capped EU allotment ;; fair-use clause,11610.0,wb,13678.0,,,6.6
BRA,Brazil,South America,3,Vivo | Claro | TIM,6.3,0.63,0.76,0,67,33,22.4,100,Ilimitado com FUP: tras la cota de alta velocidad cae la velocidad (umbral exacto no capturado — knowledge) ;; Ilimitado con FUP (uso razonable) de Claro BR: umbral de reducción no capturado — knowledge ;; sin oferta de datos ilimitados publicada: planes por bolsa TIM Pre 16GB · TIM Controle 45GB · TIM Black110GB · Black Familia Premium170GB,9930.0,wb,10311.0,4.71,1.338,212.0
HUN,Hungary,Europe,3,Magyar Telekom | Yettel Hungary | Vodafone Hungary,6.17,0.617,0.36,100,0,0,15.77,100,truly unlimited - SD video default with HD available by add-on ;; truly unlimited data - modem/router use as fixed-line substitute prohibited in ToS ;; unlimited but no tethering - personal hotspot excluded from the unlimited bundle,20800.0,wb,23305.0,5.3,1.164,9.6
ARM,Armenia,Asia,3,Viva Armenia (VivaCell-MTS) | Ucom | Team Telecom Armenia (Beeline),6.13,0.613,0.94,33,33,33,10.85,0,BeeFree packs give unlimited only for listed apps (Viber WhatsApp Messenger Zangi Telegram BeeTV Zoom - YouTube TikTok Instagram on top tiers) - everything else draws from the data bundle ;; no true unlimited published - monthly packs are volume-capped ;; no volume cap published - unlimited internet is bundled into Unity convergent packages (business 'Universal 8000' listed with unlimited*),7810.0,wb,8556.0,,,3.0
ROU,Romania,Europe,3,Digi Mobile | Orange România | Vodafone România,5.97,0.597,0.41,100,0,0,10.53,67,truly unlimited - EU roaming fair-use 25 GB per 30 days ;; truly unlimited - EU roaming fair-use 25 GB then reduced speed ;; truly unlimited with no data cap - tethering permitted,17600.0,wb,20080.0,4.01,1.488,19.0
GEO,Georgia,Asia,3,MagtiCom | Cellfie (ex-Beeline Georgia) | Silknet (Geocell),5.93,0.593,0.9,33,33,33,11.3,67,after 50000 MB of high-speed data the speed is reduced to 5 Mbps (25000 MB on the 15-day pack) ;; no true unlimited published - monthly packages are volume-capped ;; no volume cap published - 'ulimito' 30-day unlimited pack sold at 26 GEL (14-day pack also available),7870.0,wb,8968.0,,,3.8
LTU,Lithuania,Europe,3,Telia Lietuva | Bite Lietuva | Tele2 Lithuania,5.83,0.583,0.26,100,0,0,15.67,100,truly unlimited - tethering allowed - EU roaming fair-use 25 GB ;; truly unlimited across the Baltics - EU roaming fair-use 25 GB ;; truly unlimited in Lithuania - Baltic bundle plus EU roaming fair-use 25 GB,27110.0,wb,29604.0,,,2.9
ETH,Ethiopia,Africa,2,Ethio Telecom | Safaricom Ethiopia,5.4,0.54,5.89,0,0,100,,0,none,1100.0,wb,1134.0,,,132.0
MMR,Myanmar,Asia,3,MPT | Mytel | Ooredoo Myanmar,5.33,0.533,5.29,0,33,67,15.24,0,no verified unlimited product ;; no verified unlimited product (MPT Dome Pyan is the market benchmark) ;; unlimited sold as speed-capped tiers: 15Mbps ₭32000 / 22Mbps ₭40000 / 30Mbps ₭54000 / 60Mbps ₭100000 / 110Mbps ₭135000 per month,1210.0,wb,1359.0,,,54.0
LAO,Laos,Asia,3,Lao Telecom | Unitel | ETL,5.18,0.518,3.11,0,0,100,,67,none - only app-specific 'Unlimited Social' packs (₭10000) ;; none - pay-per-use 300 kip/MB after package quota (hard cut rather than throttle) ;; none published,2000.0,wb,2124.0,,,7.8
KEN,Kenya,Africa,3,Safaricom | Airtel Kenya | Telkom Kenya,5.1,0.51,2.96,0,0,100,,67,none,2070.0,wb,2133.0,,,56.0
RUS,Russia,Europe,3,MTS | MegaFon | Beeline,4.97,0.497,0.39,67,33,0,7.9,100,truly unlimited - hotspot allowed on handset but modem/router use capped at one device in ToS ;; truly unlimited domestic 4G/5G with no hard cap - congested-cell deprioritisation only ;; unlimited data but speed-tiered profiles 3-25 Mbps so full speed is never included,15330.0,wb,14962.0,,,144.0
TJK,Tajikistan,Asia,3,Tcell | Babilon-Mobile | ZET Mobile,4.79,0.479,3.48,0,100,0,9.57,67,unlimited bundles reduce speed after the published fair-use quota,1650.0,wb,1362.0,,,10.6
KGZ,Kyrgyzstan,Asia,3,Beeline Kyrgyzstan (Sky Mobile) | O! (Nur Telecom) | MegaCom,4.6,0.46,2.44,0,100,0,12.26,0,unlimited bundles throttle to a low floor rate (128-256 Kbit/s class) after fair-use volume ;; unlimited bundles throttle to a low floor rate after fair-use volume,2260.0,wb,2515.0,,,7.2
ZMB,Zambia,Africa,3,Zamtel | Airtel Zambia | MTN Zambia,4.43,0.443,4.47,0,33,67,,0,none ;; unlimited cap not disclosed - throttled after hidden threshold,1190.0,wb,1187.0,,,21.0
GHA,Ghana,Africa,3,MTN Ghana | Telecel Ghana | AirtelTigo,4.33,0.433,2.3,0,0,100,,33,none,2260.0,wb,2419.0,,,34.0
BLR,Belarus,Europe,3,A1 Belarus | MTS Belarus | life:),4.3,0.43,0.62,67,33,0,7.7,0,truly unlimited - tethering allowed - no 5G so speeds are 4G-class only ;; truly unlimited with no hard cap - fair-use bars resale and router use ;; unlimited but throttled to 1 Mbps after the monthly high-speed bucket,8380.0,wb,8606.0,,,9.1
MDA,Moldova,Europe,3,Orange Moldova | Moldcell | Moldtelecom (Unite),4.2,0.42,0.73,67,0,33,8.85,100,no unlimited handset plan published - largest bundle 100 GB per 30 days ;; truly unlimited - EU roaming fair-use 25 GB per 30 days ;; truly unlimited on the national LTE and 5G network,6890.0,wb,7579.0,4.56,0.921,3.0
TLS,Timor-Leste,Asia,3,Timor Telecom | Telemor | Telkomcel,4.0,0.4,2.91,0,0,100,,0,no unlimited offer - largest prepaid is POWER PLUS 160GB/30d $20 ;; no unlimited offer published,1650.0,wb,1332.0,,,1.4
KAZ,Kazakhstan,Asia,3,Kcell | Beeline Kazakhstan | Tele2 Kazakhstan,3.79,0.379,0.38,0,67,33,20.77,67,'Unlimited by full' runs in 5G/4G/3G then drops to 128-256 Kbit/s after the fair-use volume ;; no single-line unlimited - family unlimited from KZT 12000 (Premium Family x4/x6) with the same 100-200GB then 128-256 Kbit/s pattern ;; unlimited/MAX offers are fair-used - speed falls to 128-256 Kbit/s after roughly 100-200GB,12100.0,wb,14155.0,,,21.0
NPL,Nepal,Asia,3,Ncell | Nepal Telecom (NTC) | SmartCell (Smart Telecom),3.78,0.378,3.07,0,0,100,,0,no unlimited offer published - monthly packs are volume-capped,1480.0,wb,1460.0,,,30.0
CHN,China,Asia,3,China Mobile | China Unicom | China Telecom,3.61,0.361,0.32,0,100,0,8.31,100,general data then 3Mbps (达量降速) ;; general data then 3Mbps (达量降速); no true unlimited,13660.0,wb,13293.0,3.91,0.924,1419.0
VNM,Vietnam,Asia,3,Viettel | VinaPhone (VNPT) | MobiFone,3.57,0.357,0.95,0,0,100,,100,no general unlimited - data cut after quota; app-specific unlimited packs only ;; none - data cut off after quota (BIG90 hết dung lượng ngắt kết nối) ;; none - quota cut-off; app-unlimited packs only,4490.0,wb,4717.0,2.89,1.234,101.0
UKR,Ukraine,Europe,3,Kyivstar | Vodafone Ukraine | lifecell,3.52,0.352,0.81,100,0,0,6.67,0,truly unlimited domestic data with no speed cap - no 5G so 4G ceiling applies ;; truly unlimited on 4G - video and social packs handled as separate bundles in ToS ;; truly unlimited with tethering allowed - roaming outside Ukraine limited by fair-use,5230.0,wb,5392.0,3.34,1.053,38.0
KHM,Cambodia,Asia,3,Cellcard | Smart Axiata | Metfone,3.33,0.333,1.57,0,0,100,,33,none published - quota packs 10-20GB/30d for $2-3 ;; none published - quota packs 10-30GB/30d for $3-5 ;; none published - quota packs ~8-25GB/30d for $2-5,2550.0,wb,2628.0,,,18.0
BGD,Bangladesh,Asia,3,Grameenphone (GP) | Robi Axiata | Banglalink,3.33,0.333,1.42,0,0,100,,0,no unlimited offer published - largest monthly packs are volume-capped (40-80GB class) ;; no unlimited offer published - monthly packs are volume-capped,2820.0,wb,2593.0,,,174.0
NGA,Nigeria,Africa,3,MTN Nigeria | Airtel Nigeria | Glo (Globacom),3.19,0.32,2.24,0,67,33,15.04,67,150GB then 2GB/day at lower speed ;; 40GB then 256Kbps ;; none,1710.0,wb,1084.0,,,233.0
PHL,Philippines,Asia,3,Globe | PLDT (Smart) | DITO,3.14,0.314,0.84,0,67,33,14.46,100,10GB/day up to 500Mbps then 5Mbps at 80% reliability (refreshes 12:00am) ;; app-only unlimited (UnliGo) that throttles after threshold; no general unlimited ;; speeds managed - official text 'data speeds may vary to ensure continuous service' (no published GB threshold),4470.0,wb,3985.0,2.74,1.146,116.0
IDN,Indonesia,Asia,3,Telkomsel | Indosat (IM3) | XL (AXIS),3.07,0.307,0.75,0,100,0,3.99,100,FUP: speed drops after fair-use quota on unlimited packs; Limitless = app-only unlimited ;; FUP: speed falls after fair-use quota on unlimited (XL publishes FUP mechanics) ;; unlimited packs carry local-quota caps (up to 36GB local quota) then reduced speed,4920.0,wb,4925.0,2.38,1.289,283.0
UZB,Uzbekistan,Asia,3,Ucell (COSCOM) | Beeline Uzbekistan | Mobiuz,3.05,0.305,1.15,0,33,67,10.85,67,'UNLIM MIX' unlimited covers social networks and messengers only - 'tungi UNLIM' is unlimited only 01:00-07:00 - rest comes from the bundle ;; no full-price unlimited - 'unlimited weekend' (Sat-Sun) and 'unlimited night' (01:00-07:00) ride inside capped Bor tariffs ;; no full-price unlimited - night/weekend unlimited add-ons and zero-rated social bundles only,3170.0,wb,3337.0,,,36.0
BTN,Bhutan,Asia,2,Bhutan Telecom (B-Mobile) | TashiCell (Tashi InfoComm),2.3,0.23,0.71,0,0,100,,50,no unlimited offer published - monthly data packs are volume-capped ;; no unlimited offer published - monthly packs are volume-capped,3910.0,wb,4228.0,,,0.79
LKA,Sri Lanka,Asia,3,Dialog Axiata | Mobitel (SLT-Mobitel) | Hutch Sri Lanka,2.0,0.2,0.62,0,0,100,,0,no true unlimited prepaid - monthly packs are volume-capped ;; no true unlimited prepaid - monthly packs are volume-capped (night unlimited add-ons only) ;; no true unlimited prepaid - monthly packs are volume-capped (unlimited only on postpaid with throttling),3870.0,wb,4545.0,,,22.0
PAK,Pakistan,Asia,3,Jazz (Pakistan Mobile Communications) | Zong (CMPak) | Ufone (PTCL Group),1.61,0.161,1.35,0,33,67,3.57,0,monthly 'unlimited' bundles reduce speed to a low floor (1-2Mbps class) after the fair-use volume ;; no true unlimited published - largest monthly bundles are volume-capped (50-100GB class) ;; no true unlimited published - monthly bundles are volume-capped,1430.0,wb,1479.0,3.89,0.414,251.0
IND,India,Asia,3,Reliance Jio | Bharti Airtel | Vi (Vodafone Idea),1.21,0.121,0.57,100,0,0,3.78,67,truly unlimited - published fair usage 1.5TB per billing cycle after which speed drops to 3Mbps on 5G unlimited plans ;; truly unlimited 1.5GB/day - where 5G is live the unlimited 5G fair usage is 1.5TB/month then 3Mbps ;; unlimited plans sold as unlimited with daily FUP 1.5GB/day then 64kbps - 5G 'truly unlimited' carries monthly FUP of 1.5TB then 3Mbps,2550.0,wb,2592.0,2.45,0.494,1451.0
IRN,Iran,Asia,3,MTCI (Hamrah-e-Aval) | Irancell (MTN Irancell) | Rightel,1.14,0.114,0.27,0,100,0,2.0,0,packs marketed 'binahayat' (unlimited) reduce speed to a floor rate after the published fair-use quota ;; unlimited monthly packs throttle to a reduced speed after fair-use volume (typically 100GB+) ;; unlimited packs carry a fair-use volume after which speed is cut to the floor rate,5130.0,wb,5190.0,,,92.0
BDI,Burundi,Africa,1,Lumitel,,,,100,0,0,4.6,0,threshold not published,250.0,wb,216.0,,,14.0
BWA,Botswana,Africa,3,Mascom Wireless | Orange Botswana | beMOBILE (BTC),,,,0,0,100,,33,none,7610.0,wb,7650.0,,,2.5
ERI,Eritrea,Africa,1,EriTel,,,,0,0,100,,0,none,650.0,wb,,,,3.6
MWI,Malawi,Africa,2,TNM | Airtel Malawi,,,,0,0,100,,0,none,570.0,wb,522.0,,,22.0
MUS,Mauritius,Africa,2,Mauritius Telecom (Orange) | Emtel,,,,0,0,100,,0,none,12960.0,wb,11991.0,,,1.3
SYC,Seychelles,Africa,2,Airtel Seychelles | Cable & Wireless Seychelles,,,,0,0,100,,0,none,17700.0,wb,18365.0,,,0.13
SSD,South Sudan,Africa,1,Zain South Sudan,,,,0,0,100,,0,none,400.0,wb,,,,12.0
SWZ,Eswatini,Africa,2,MTN Eswatini | Eswatini Mobile,,,,0,0,100,,50,none,3440.0,wb,3910.0,,,1.2
MRT,Mauritania,Africa,5,Moov Mauritel | Chinguitel | Mattel (Mauritania Telecom) | Mauritel | Mattel,,,,0,0,40,,0,? ;; not verified this pass,2110.0,wb,2105.0,,,5.2
GNB,Guinea-Bissau,Africa,2,Orange Guinea-Bissau | MTN Guinea-Bissau,,,,0,0,0,,0,?,980.0,wb,998.0,,,2.2
LBR,Liberia,Africa,3,Lonestar Cell (MTN Liberia) | Orange Liberia | Novafone,,,,0,0,0,,0,?,750.0,wb,851.0,,,5.6
CAF,Central African Republic,Africa,2,Orange RCA | Telecel Centrafrique,,,,0,0,0,,0,?,510.0,wb,516.0,,,5.7
STP,São Tomé and Príncipe,Africa,2,CST | Unitel STP,,,,0,0,0,,0,?,2910.0,wb,3503.0,,,0.24
JOR,Jordan,Asia,3,Orange Jordan | Zain Jordan | Umniah,,,,0,0,100,,0,not verified this pass,4880.0,wb,5074.0,3.53,,11.0
MAR,Morocco,Africa,3,Maroc Telecom (IAM) | Orange Morocco | inwi,,,,0,100,0,,0,bit adjusted on excessive data usage (threshold not published) ;; illimité recharge throttled after undisclosed threshold (not verified this pass) ;; not verified this pass,3840.0,wb,4153.0,,,38.0
DZA,Algeria,Africa,3,Mobilis | Djezzy (Optimum) | Ooredoo Algérie,,,,0,0,100,,0,not verified this pass,5370.0,wb,5753.0,,,47.0
TUN,Tunisia,Africa,3,Tunisie Telecom | Orange Tunisia | Ooredoo Tunisia,,,,0,0,100,,0,not verified this pass,3880.0,wb,4188.0,,,12.0
IRQ,Iraq,Asia,3,Zain Iraq | Asiacell | Korek Telecom,,,,0,0,100,,0,not verified this pass,6030.0,wb,6074.0,,,46.0
LBN,Lebanon,Asia,2,touch | Alfa,,,,0,0,100,,0,not verified this pass,3560.0,wb,4473.0,5.36,,5.5
PSE,Palestine,Asia,2,Jawwal | Ooredoo Palestine,,,,0,0,100,,0,not verified this pass,2980.0,wb,3028.0,,,5.5
LBY,Libya,Africa,2,Libyana | Almadar Al Jadid,,,,0,0,100,,0,not verified this pass,6790.0,wb,6569.0,,,7.4
SDN,Sudan,Africa,3,Sudani (Sudatel) | Zain Sudan | MTN Sudan,,,,0,0,100,,0,not verified this pass,710.0,wb,985.0,,,50.0
YEM,Yemen,Asia,3,Yemen Mobile | Spacetel | SabaFon,,,,0,0,100,,0,not verified this pass,600.0,wb,,,,41.0
SYR,Syria,Asia,2,Syriatel | MTN Syria,,,,0,0,100,,0,not verified this pass,720.0,wb,1057.0,,,25.0
SOM,Somalia,Africa,3,Hormuud | Somtel | Telesom,,,,0,0,100,,0,not verified this pass,620.0,wb,630.0,,,19.0
COM,Comoros,Africa,1,Comores Telecom,,,,0,0,100,,0,not verified this pass,1730.0,wb,1858.0,,,0.87
DJI,Djibouti,Africa,1,Djibouti Telecom,,,,0,0,100,,0,not verified this pass,3640.0,wb,3553.0,,,1.1
PRK,North Korea,Asia,1,Koryolink,,,,0,0,100,,0,no public tariff disclosure,1800.0,wb,,,,26.0
KIR,Kiribati,Oceania,2,Vodafone Kiribati | OceanLink (OceanCell),,,,0,0,100,,0,no unlimited offered,3580.0,wb,2551.0,,,0.13
FSM,Micronesia,Oceania,1,FSM Telecommunications Corp,,,,0,0,100,,0,no unlimited offered,4490.0,wb,4252.0,,,0.12
